{
  "logistic_regression": {
    "display_name": "Logistic Regression",
    "pr_auc": 0.5091397810873217,
    "top25pct_threshold": 0.5941718447717821,
    "at_top25pct_threshold": {
      "accuracy": 0.7309833024118738,
      "precision": 0.48175182481751827,
      "recall": 0.4714285714285714,
      "confusion_matrix": {
        "tn": 328,
        "fp": 71,
        "fn": 74,
        "tp": 66
      }
    },
    "best_accuracy_threshold": 0.71,
    "best_accuracy": 0.7662337662337663
  },
  "lightgbm": {
    "display_name": "LightGBM",
    "pr_auc": 0.49911666813016453,
    "top25pct_threshold": 0.5776795541555636,
    "at_top25pct_threshold": {
      "accuracy": 0.7087198515769945,
      "precision": 0.43884892086330934,
      "recall": 0.4357142857142857,
      "confusion_matrix": {
        "tn": 321,
        "fp": 78,
        "fn": 79,
        "tp": 61
      }
    },
    "best_accuracy_threshold": 0.71,
    "best_accuracy": 0.7699443413729128
  }
}